* Bethesda Baptist Church
Food Pantry
Open to public
2nd Saturday 9am-10am
208 Church Street Society 
Hill, SC 29593 (843) 378-0300
Directions
* Bethesda Church of God
Food Pantry
Open to public
2nd and 4th Thursday of each month 10am-12pm
2730 Broad Street 
Sumter, SC 29150 (803) 469-2585
Directions
* Bethlehem Baptist Church-Timmonsville
Food Pantry
Open to public
2nd Tuesday 11am-1pm; Emergency food available by appointment.
113 Tanyard Street 
Timmonsville, SC 29161 (843) 346-3351
Directions
* Bethlehem Baptist-Columbia
Food Pantry
Open to public
Tuesday 9am-10:30am
1218 Lyon Street 
Columbia, SC 29204 (803) 254-5651
Directions
* Bethlehem Baptist-Simpsonville
Food Pantry
Open to public
Friday 8am-11am; Senior Program 3rd Friday 8am-11am
4 Harrison Bridge Road 
Simpsonville, SC 29681 (864) 963-3527
Directions
* Beulah United Methodist Church
Food Pantry
Open to public
3rd Saturday 11am-12pm
1577 Old State Road 
Gaston, SC 29053 (803) 794-0783
Directions
* BGM Inc-Newberry
Food Pantry
Open to public
Tuesday 3pm-4:30pm
301 Belmont Church Road
SilverStreet , SC 29145 (864) 520-1237
Directions
* Bible Way Church of Piedmont Avenue 
Food Pantry
Open to public
Emergency food available by appointment.
3111 Piedmont Avenue 
Columbia, SC 29203 (803) 800-3594
Directions
* Bread of Life Community Development Corporation
Food Pantry
Open to public
3rd Wednesday 4pm-6pm; 1st Saturday 12pm-2pm
2800 Pamplico Highway 
Florence, SC 29505 (843) 687-8079
Directions
* Bread of Life Food Pantry
Food Pantry
Open to public
2nd & 4th Friday 8am-11am
116 Broad  Street 
Bennettsville, SC 29512 (843) 535-0950
Directions
* Brookland Foundation
Food Pantry
Open to public
Monday 11am-1pm
1218 Bachelor Street 
West Columbia, SC 29169 (803) 397-3774
Directions
* Brookland Lakeview Empowerment Center
Food Pantry Senior Program
Open to public
Tuesday 11am-3pm
1218 Batchelor Street
 West Columbia, SC 29169 (803) 753-0611
Directions
* Brown Chapel Ame
Food Pantry
Open to public
Saturday 6am-10am
218 Browns Chapel Road 
Elloree, SC 29047 (803) 240-7402
Directions
* Calvary Chapel Leesville
Food Pantry
Open to public
Tuesday 10am-12pm
3334 Columbia Highway 
Leesville, SC 29070 (803) 413-9745
Directions
* Calvary Chapel Of Lexington
Food Pantry
Open to public
Tuesday & Thursday 8am-10am, 10:30am-12pm, 1pm-4pm
1156 Barr Road
 Lexington, SC 29072 (803) 951-2273
Directions
* Calvary Missionary Baptist Church-Pinewood
Food Pantry
Open to public
Saturday following the 3rd Thursday 8am-10am
10075 Calvary Church Road
 Pinewood, SC 29125 (803) 452-5507
Directions
* Canaan Land Revival Temple
Food Pantry
Open to public
Wednesday & Friday 12pm-2pm
2319 Rhedin Road 
Marion, SC 29571 (843) 765-3412
Directions
* Capital City Church
Food Pantry
Open to public
2nd Saturday 8:30am-10:30am; 3rd Sunday 4pm-5:30pm
628 Muller Avenue 
Columbia, SC 29203 (803) 771-0092
Directions
* Caresouth-Carolina Food Pantry
Food Pantry
Open to public
Monday, Tuesday & Wednesday 9am-4pm
106 Hospital Square 
Bishopville, SC 29010 (803) 588-7979
Directions
* Catholic Charities of SC
Food Pantry
Open to public
Tuesday-Thursday 9am-1pm
2300 Old Buncombe Road 
Greenville, SC 29609 (864) 331-2629
Directions
* CCMO-Cooperative Church Ministries Of Orangeburg
Food Pantry
Open to public
Monday-Friday 9:30am - 12:30pm
2570 St. Matthews Road 
Orangeburg, SC 29118 (803) 531-4913
Directions
* Cedar Grove Baptist Church
Food Pantry Senior Program
Open to public
1st Wednesday 9am-11am
206 Moore Street 
Simpsonville, SC 29681 (864) 963-6935
Directions
* Chapin We Care Center
Food Pantry
Open to public
Monday, Wednesday & Friday 9am-12pm; Thursday 4pm-6pm
1800 Chapin Road 
Chapin, SC 29036 (803) 345-3244
Directions
* Cherry Grove Missionary Baptist
Food Pantry
Open to public
3rd Saturday 12pm-1pm; Emergency food available by appointment.
552 East Billy Farrow Highway 
Darlington, SC 29532 (843) 393-5952
Directions
* Christ Central Concessions of Hope
Food Pantry Soup Kitchen
Open to public
Monday-Thursday 9am-10am, Tuesdays 4pm-5pm, Saturdays 11:30am-12:30pm
2018-B Main Street 
Columbia, SC 29201 (803) 851-4999
Directions
* Christ Central Ministries, Inc - Columbia
Food Pantry Soup Kitchen
Open to public
Wednesday 9am-11am; Monday-Thursday 10am-1pm (Soup Kitchen)
2401 Main Street
Columbia, SC 29201 (803) 765-1998
Directions
* Christ Central Ministries-Saluda
Food Pantry Senior Program
Open to public
1st, 3rd & 4th Tuesday 10am-2pm
208 North Main Street
 Saluda, SC 29138 (803) 364-2267
Directions
* Christ Is The Answer SDA Church
Food Pantry
Open to public
Tuesday & Friday 12pm-2pm
1202 Decatur Street 
Orangeburg, SC 29118 (803) 536-3600
Directions
* Christ Is The King
Food Pantry
Open to public
2nd & 4th Thursday 12pm-2pm
308 Carter Street 
Timmonsville, SC 29161 (843) 731-3661
Directions
* Christian Assistance Bridge
Food Pantry Senior Program
Open to public
Monday & Thursday 9am-1pm
126 Blythewood Road 
Blythewood, SC 29016 (803) 786-1903
Directions
* Christian Life Assembly
Food Pantry
Open to public
Monday 12:30pm-3:30pm
2700 Bush River Road 
Columbia, SC 29210 (803) 798-4488 ext 132
Directions
* Christian Love Tabernacle
Food Pantry
Open to public
3rd Thursday 1pm-5pm; Friday 12pm-2pm
4204 Primus Road 
Effingham, SC 29541 (843) 453-1701
Directions
* Christian Ministry Center
Food Pantry
Open to public
Monday, Wednesday & Friday 9am-11:30am
1408 Summerland Avenue 
Leesville, SC 29070 (803) 532-0033
Directions
* Church of Christ Sunset Blvd
Food Pantry
Open to public
3rd Saturday 10am-12pm; Emergency food available by appointment.
1303 Sunset Boulevard  
West Columbia, SC 29169 (803) 765-1194
Directions
* Clark Estates Of Columbia
Food Pantry
Open to public
Tuesday, Wednesday & Thursdays 9am-3pm by appointment only
1703 Cermack Street 
Columbia, SC 29223 (803) 556-1267
Directions
* Community Christian Fellowship
Food Pantry
Open to public
2nd & 4th Wednesday 11am-1pm; 3rd Saturday 11am-1pm
2034 Augusta Highway 
Lexington, SC 29072 (803) 892-4179
Directions
* Community Missionary Charity Organization
Food Pantry
Open to public
2nd Saturday 9am-10am
3035 South King Highway 
Wedgefield, SC 29168 (803) 720-9857
Directions
* Concord Baptist
Food Pantry
Open to public
1st & 3rd Wednesday 10am-12pm
2211 Porter Cross Road 
Lugoff, SC 29078 (803) 438-3111
Directions
* Cooperative Ministries North
Senior Program
Open to public
2nd Wednesday 9:30am-10:30am; Thursday-Saturday 10am-1pm
405 Stafford Avenue 
North, SC 29112 (803) 247-2220
Directions
* Crossover Community Church
Food Pantry
Open to public
1st & 3rd Friday 10am-12pm
240 Seaboard Avenue 
Johnsonville, SC 29555 (843) 260-9024
Directions
* Crosspoint Assembly
Food Pantry
Open to public
Sunday 5:30pm-7pm
1601 West Blue Ridge Drive 
Greenville, SC 29611 (864) 526-0144
Directions
* CrossRoads World Outreach CWOC
Food Pantry
Open to public
3rd Wednesday 9am-12pm
2606 Emanuel Church Road 
West Columbia, SC 29170 (803) 755-0246
Directions
* Deliverance Outreach Ministries, Inc
Food Pantry
Open to public
3rd Thursday 5pm-6pm
9223 Paxville Highway 
Manning, SC 29102 (803) 410-1533
Directions
* Divine Destiny Ministries
Food Pantry
Open to public
Saturday 8am-10am
3824 Oak Drive 
Darlington, SC 29532 (843) 662-6842
Directions
* Ebenezer AME Church
Food Pantry
Open to public
3rd Saturday of each month 8am-12pm
119 E Sumter Street 
Mayesville, SC 29104 (803) 565-1030
Directions
* Ebenezer Pentecostal Holiness
Food Pantry
Open to public
Wednesday 7am-9am
953 Colonial Drive 
West Columbia, SC 29172 (803) 755-2883
Directions
* Ebenezer UMC Outreach
Food Pantry
Open to public
2nd Saturday 11am-1pm
2610 Ebenezer Road 
Wallace, SC 29596 (843) 624-2006
Directions
* Ebenezer Welcome-Bread Of Life Food Pantry
Food Pantry
Open to public
Thursday 2pm-3:45pm
4005 Highway 414 
Landrum, SC 29356 (864) 895-1461
Directions
* Ecclesia Church Of God In Christ
Food Pantry
Open to public
2nd & 4th Saturday 10am-12pm
533 Sharpe Road 
Columbia, SC 29203 (803) 786-9697
Directions
* Elizabeth Baptist
Food Pantry
Open to public
3rd Monday 11am-12pm
4109 Pamplico Highway 
Florence, SC 29505 (843) 667-8176
Directions
* Elmwood Church of God
Food Pantry
Open to public
Emergency food available by appointment
1427 Elmwood Avenue 
Columbia, SC 29201 (803) 765-9711
Directions
* Embark Lay Ministries (Elm)
Food Pantry
Open to public
Call for appointment
108 Berkley Street 
Hartsville, SC 29550 (843) 858-2212
Directions
* Evangel Temple Assembly of God
Food Pantry
Open to public
Saturday 11am-1pm
22 Nickey Road 
Great Falls, SC 29055 (803) 209-6652
Directions
* Fairfield Community Food Bank
Food Pantry
Open to public
Tuesday & Thursday 10am-12pm
100 U.S. 321 Bypass South 
Winnsboro, SC 29180 (803) 635-9234
Directions
* Fairfield County Council on Aging
Senior Program
Open to public
Monday - Friday 8am-4pm
210 East Washington Street 
Winnsboro, SC 29180 (803) 635-3015
Directions
* Faith Baptist
Food Pantry
Open to public
3rd Thursday 12pm-3pm
7618 Columbia Road 
St. Matthews, SC 29135 (803) 655-7844
Directions
* Faith Baptist (Formerly Bethel)
Food Pantry
Open to public
2nd Saturday 9am-12pm
706 North Stackley Street 
Florence, SC 29506 (843) 245-2206 (843) 665-6693
Directions
* Faith Deliverance Center of Praise
Food Pantry Senior Program
Open to public
2nd Wednesday of the month 9am-2pm; Emergency food available by appointment
317 Pou Street 
North, SC 29112 (803) 614-1788
Directions
* Faith Tabernacle Pentecostal Holiness
Food Pantry
Open to public
1st & 3rd Wednesday 9am-12pm
701 Martin Luther King Jr Blvd 
Dillon, SC 29536 (843) 713-0783
Directions
* Family Health Center
Senior Program
Open to public
2nd Thursday 9am-11am
3310 Magnolia Street 
Orangeburg, SC 29115 (803) 506-9342
Directions
* First Baptist Community Improvement Corporation
Food Pantry
Open to public
2nd Friday 1pm-2:30pm; 4th Friday 11am-12:30pm
219 South Washington Street 
Sumter, SC 29150 (803) 775-1462
Directions
* First Baptist Pine Ridge
Food Pantry
Open to public
3rd Thursday 5pm-6:30 pm
3901 West Bobo Newsome Highway 
Hartsville, SC 29550 (843) 917-0529
Directions
* First Calvary Baptist
Food Pantry Senior Program
Open to public
Tuesday 9am-11:30am, 1pm-4pm
2320 Cedar Grove Road 
Leesville, SC 29070 (803) 892-3257
Directions
* First Impressions of South Carolina, INC.
Food Pantry
Open to public
Tuesday & Wednesday 9am-5pm; Thursday 9am-1pm; Friday 10am-2pm
15 Grand Avenue 
Greenville, SC 29607 (864) 520-1500
Directions
* First Nazareth Baptist /Greater Waverly Foundation
Food Pantry
Open to public
Saturday 10am-2pm
2311 Gervais Street 
Columbia, SC 29204 (803) 237-2106
Directions
* Fisher Hill Community Baptist Church
Food Pantry
Open to public
2nd Saturday 9am-11am
3282 West Market Street 
Cheraw, SC 29520 (843) 537-0402
Directions
* Foothills Family Resources
Food Pantry
Open to public
Monday-Thursday 9am-11:45am & 2pm-4pm
3 Main Street
 Slater, SC 29683 (864) 836-1100 ext 101
Directions
* Fort Clark
Food Pantry
Open to public
Tuesday & Thursday 10am-1pm
424 Veterans Row 
Elgin, SC 29045 (803) 438-5071
Directions
* Fort Lawn Community Center
Food Pantry
Open to public
Tuesday-Friday 9am-4pm
5554 Main Street 
Fort Lawn, SC 29714 (803) 872-4491
Directions
* Friends United, Inc
Food Pantry
Open to public
2nd & 4th Friday 1pm-3:30pm
2826 Cale Yarborough Highway 
Timmonsville, SC 29161 (843) 919-0145
Directions
* Gethsemane Baptist
Food Pantry
Open to public
2nd Tuesday 8am-1pm; 2nd Saturday 10-11:30am
655 Hammond Cross Road 
St. Matthews, SC 29135 (803) 874-1010
Directions
* Global Revival
Food Pantry
Open to public
Wednesday 5:30pm-7:30pm
6119 White Horse Road Suite J 
Greenville, SC 29611 (864) 269-3200
Directions
* God's Abundance For All People
Food Pantry
Open to public
Saturday 10am-12pm
501 O Neal Street 
Newberry, SC 29108 (803) 276-0958
Directions
* God's People In Service
Food Pantry Senior Program
Open to public
Wednesday & Friday 9am-12pm
4512 Fish Hatchery Road 
Gaston, SC 29053 (803) 955-9251
Directions
* Good Shepherd Holiness
Food Pantry
Open to public
Wednesday 4pm-5pm
6824 Cabin Creek Road 
Hopkins, SC 29061 (803) 783-2087
Directions
* Goodwill Baptist Church
Food Pantry
Open to public
3rd Saturday 9am-12pm
14081 Garners Ferry Road 
Eastover, SC 29044 (803) 353-2992
Directions
* Gospel Temple Worship Center
Food Pantry
Open to public
4th Saturday 9am-11am
3987 West Palmetto Street 
Florence, SC 29501 (843) 665-2546
Directions
* Gower Place (Laurens)
Food Pantry Senior Program
Open to public
3rd Wednesday 10am-1:30pm
20820 Highway 76 East 
Laurens, SC 29360 (864) 520-1237
Directions
* Grace Cathedral Ministries
Senior Program
Open to public
Call for appointment
60 Oswego Highway 
Sumter, SC 29153 (803) 773-6497
Directions
* Grace Church of Columbia
Food Pantry
Open to public
4th Tuesday 6pm-7:30pm
2710 Harrison Road 
Columbia, SC 29204 (803) 255-0120
Directions
* Grace Temple Fellowship Church
Senior Program
Open to public
3rd Saturday 9am-11am
3008 SC-9
Wallace, SC 29596 (843) 623-1388
Directions
* Greater Faith & Joy Tabernacle
Senior Program
Open to public
Monday Wednesday, Thursday 10am-11:30am
1474 Highway 601 
South Lugoff, SC 29078 (803) 438-9078
Directions
* Greater Lake City Community Resource Center-Lake City Creative Alliance
Food Pantry
Open to public
Tuesday 10am -12pm
410 West Main Street 
Lake City, SC 29560 (843) 374-0400
Directions
* Greater Morning Star Apostolic Ministries #7
Food Pantry
Open to public
2nd Tuesday 8am-11:30am
609 Oakland Avenue 
Florence, SC 29506 (860) 573-0309
Directions
* Greater Mt. Sinai Deliverance Holiness Church Ministries, Inc.
Food Pantry
Open to public
4th Saturday 7am-9am
4648 Hollyberry Lane 
Timmonsville, SC 29161 (843) 393-5601
Directions
* Greater Rock Outreach
Food Pantry
Open to public
2nd Wednesday 9am-11am
200 Red Bluff Street 
Clio, SC 29515(910) 674-7069
Directions
* Greater St. James AME Church
Food Pantry
Open to public
Call for appointment
339 West Moore Street 
Lake City, SC 29560 (843) 394-8431
Directions
* Greater Unity AME
Food Pantry
Open to public
2nd Tuesday 9:30am-1pm
744 Coach Road 
Holly Hill, SC 29059 (803) 496-7349
Directions
* Greenwood Baptist Church
Food Pantry
Open to public
3rd Saturday 8:30am-10:30am
2417A Pamplico Highway 
Florence, SC 29505 (843) 669-1321(704) 868-5046
Directions
* Greer Relief & Resources Agency, INC
Food Pantry
Open to public
Monday-Friday 9am- 11am; Monday, Tuesday & Thursday 1:30pm-4pm
202 Victoria Street 
Greer, SC 29651 (864) 848-5355
Directions
* Hamer Church of God
Food Pantry
Open to public
1st & 3rd Friday; Emergency food available by appointment
2410 Hwy 301 North 
Hamer, SC 29547 (864) 710-7449
Directions
* Harvest Time Evangelistic
Food Pantry
Open to public
3rd Tuesday 5pm-6:30pm; Emergency food available by appointment
6276 East Highway 76 
Mullins, SC 29574 (843) 561-5008
Directions
* Haskell Heights First Baptist Church
Food Pantry
Open to public
Saturday 11:30am-12:15pm
1231 Blue Ridge Terrace 
Columbia, SC 29203 (803) 546-3727
Directions
* HHFB Emergency Food Pantry-Greenville
Food Pantry
Open to public
Mondy-Thursday 9am-1pm; Senior Program 2nd Tuesday 9am-1pm
2818 White Horse Road 
Greenville, SC 29611 (864) 281-3995
Directions
* HHFB Emergency Food Pantry-Richland County
Food Pantry Senior Program
Open to public
Monday-Friday 9am-1pm; Senior Program 2nd Thursday 9am-1pm
2220 Shop Road 
Columbia, SC 29201 (803) 254- 4432 x 1132
Directions
* Highland Food Mission
Food Pantry
Open to public
Tuesday 4pm-6pm
3270 Highway 414
Taylors, SC 29687 (864) 895-5270
Directions
* Holy Trinity Catholic Church
Food Pantry
Open to public
Monday 10am-12pm
2202 Riverbank Drive 
Orangeburg, SC 29118 (803) 534-8177
Directions
* House of Prayer Ministry
Food Pantry
Open to public
Wednesday & Thursday 3pm-5pm
2629 Broad Street 
Camden, SC 29020 (803) 427-2894
Directions
* Howard Chapel AME Church
Food Pantry
Open to public
Thursday 8am-12pm
6338 Old Manning Road 
New Zion, SC 29111 (843) 659-8025
Directions
* Immanuel Apostolic Church
Food Pantry
Open to public
3rd Wednesday 8am-10am
1121 East National Cemetery Road 
Florence, SC 29501 (843) 799-1379
Directions
* Israel Metropolitan CME Church
Food Pantry
Open to public
2nd Thursday 9am-12pm
307 Calhoun Street 
Greenville, SC 29601 (864) 235-3779
Directions
* James Monroe Mission House-Trinity UMC
Food Pantry
Open to public
Monday 9am-12pm
401 South Weston Street 
Fountain Inn, SC 29644 (864) 862-4561
Directions
* JBC Cares, INC
Food Pantry
Open to public
Thursday 10am-12:30pm
1051 Clarkson Road 
Hopkins, SC 29061 (803) 783-5160
Directions
* Jehovah Missionary Baptist Church - House of Hope
Food Pantry
Open to public
Monday and Wednesday 9am-11am every week
814-B South Harvin Street 
Sumter, SC 29150 (803) 773-0672
Directions
* Johnson Foundation
Food Pantry
Open to public
Monday 9am-10am; Thursday 1pm-2pm
1301 U.S. 301
Dillon, SC 29536 (843) 841-2266
Directions
* Keepin' It Real Ministries
Food Pantry
Open to public
Monday and Friday 10am-11:45am; Wednesday and Saturday 10am-11am; Thursday 3pm-4pm
1007 Elmwood Avenue 
Columbia, SC 29201 (803) 406-0724
Directions
* Kingdom Life
Food Pantry
Open to public
1st & 3rd Saturday 9am-11am
416 Holland Road
 Simpsonville, SC 29681 (864) 757-8172
Directions
* Kingdom Reapers Ministry
Food Pantry
Open to public
Wednesday 10am-12pm; Sunday 12:30pm-1pm
1563 Leesburg Road 
Columbia, SC 29209 (803) 602-5450
Directions
* Lab's Helping Hands
Food Pantry
Open to public
3rd Saturday 8:30am-10:30am
5456 Sumter Highway 
Sumter, SC 29153 (803) 469-4911
Directions
* Laurel Hill AME Church
Food Pantry
Open to public
2nd Wednesday 3pm-6pm
2032 M W Rickenbaker Road 
Manning, SC 29102 (803) 460-4409 (803) 473-3082
Directions
* Laurens Baptist Crisis Center
Food Pantry
Open to public
Tuesday & Thursday 9am-11:30am
60 Ranch Road 
Laurens, SC 29360 (864) 984-2966
Directions
* Laurens County Food Ministry
Food Pantry
Open to public
Monday 9am-12pm
168 Stoddard Mill Road 
Gray Court, SC 29645 (864) 862-2618
Directions
* Lee County Council on Aging
Senior Program
Open to public
Thursdays 9am-12pm
51 Wilkinson Road 
Bishopville, SC 29010 (803) 484-6212
Directions
* Level Green UMC
Food Pantry
Open to public
2nd & 4th Friday 9am-11am
316 Marshall Street 
Bennettsville, SC 29512 (843) 479-2190
Directions
* Lexington County Recreation & Aging Commission Batesburg (LRAC)
Senior Program
Open to public
Call for appointment
241 Highland Avenue 
Batesburg- Leesville, SC 29006 (803) 532 4536
Directions
* Life Empowerment Community Outreach
Senior Program
Open to public
Call for appointment
232 Gregg Street 
Bishopville, SC 29010 (803) 484-7087
Directions
* Life Living Ministries Church
Food Pantry
Open to public
3rd Saturday 10am-12pm; Emergency food available by appointment
6708 Two Notch Road 
Columbia, SC 29223 (803) 319-2932
Directions
* Living Branch Ministries
Food Pantry
Open to public
Saturday 11:30am-1pm
4007 Locust Hill Road 
Taylors, SC 26987 (864) 895-8484
Directions
* Living Faith Christian Center
Food Pantry
Open to public
Thursday 10am-12pm
1540 Frye Road 
Columbia, SC 29203 (803) 609-5714
Directions
* Living Hope
Food Pantry
Open to public
Thursday 10am-2pm; 3rd Wednesday 10:30-1pm
1830 Nance Street 
Newberry, SC 29108 (803) 924-4104
Directions
* Lois G Mcarn Community Ministry INC
Food Pantry
Open to public
Thursday-Friday 1pm-5pm
131 Second Street 
Cheraw, SC 29520 (843) 537-0642
Directions
* Long Branch Baptist
Food Pantry Senior Program
Open to public
Thursday 10am-11am; Senior Program 3rd Friday 10am-12pm
28 Bolt Street 
Greenville, SC 29605 (864) 235-6205
Directions
* Lydia's Nest
Food Pantry Senior Program
Open to public
Tuesday-Thursday 12pm-4pm
114 East Broad way Street 
Johnsonville, SC 29555 (843) 483-4060
Directions
* Macedonia Baptist Church
Senior Program
Open to public
4th Saturday 10am-11am
72 Macedonia Church Road 
Ridgeway, SC 29130 (803) 337-3205
Directions
* Macedonia Baptist Church - Manning
Food Pantry
Open to public
3rd Saturday 9am-10am
14362 Raccoon Road 
Manning, SC 29102 (803) 473-7671
Directions
* Majority Missionary Baptist
Food Pantry
Open to public
3rd Thursday 2pm-4pm; Emergency food available by appointment
414 North Coit Street 
Florence, SC 29501 (843) 665-7482
Directions
* Manning Baptist
Food Pantry
Open to public
3rd Tuesday 11am-1pm; Emergency food available by appointment
308 East Calhoun Street 
Dillon, SC 29536 (843) 841-2363
Directions
* Maranatha Missions
Food Pantry
Open to public
Monday-Friday 8am-11:30am By appointment only
66 Praise Lane 
Cheraw, SC 29520 (843) 537-2033
Directions
* Marietta First Baptist
Food Pantry
Open to public
Thursday 6:30-8pm
2926 Geer Highway 
Marietta, SC 29661 (864) 836-3518
Directions
* Meadow Prong
Food Pantry
Open to public
3rd & 4th Saturday 10am-12pm
6933 Meadow Prong Road 
Effingham, SC 29541 (843) 662-5099
Directions
* Messiah Lutheran
Food Pantry
Open to public
Monday, Tuesday & Thursday 8:45am-11:45am
1100 Log Shoals Road 
Mauldin, SC 29662 (864) 963-4549
Directions
* Midlands Community Development Corporation (CDC)
Food Pantry Soup Kitchen
Open to public
Monday-Friday 9am-5pm
2430 Atlas Road 
Columbia, SC 29209 (803) 647-9111
Directions
* Miracle Hill
Food Pantry
Open to public
Monday-Friday 8:30am-2pm
725 Keith Drive 
Greenville, SC 29607 (864) 242-2911
Directions
* Miracle Temple Family Fellowship
Food Pantry
Open to public
Wednesday 11:30am-1pm
1210 Huss Street 
Lake View, SC 29563 (843) 759-0009
Directions
* Mission Lexington
Food Pantry
Open to public
Monday-Friday 10am-2:45pm
216 Harmon Street 
Lexington, SC 29072 (803) 957-6656
Directions
* Mission of Hope
Food Pantry Senior Program
Open to public
Thursday 9am-11:30am; 2nd Thursday Senior Program Only 9am-11:30am
1821 Middleton Street 
Cayce, SC 29033 (803) 603-0420
Directions
* Monument of Faith Raven's Nest Food Pantry
Food Pantry
Open to public
3rd Wednesday 10am-11am; CLOSED month of December
702 Georgetown Street 
Marion, SC 29571 (843) 423-1704
Directions
* Mount Nebo Baptist Church
Senior Program
Open to public
Friday after 2nd Thursday 11am-1pm
8801 Bluff Road 
Eastover, SC 29044 (803) 353-0521
Directions
* Mountain View Baptist
Food Pantry Senior Program
Open to public
1st & 3rd Monday 11am-1pm
111 Cagle Street 
Greenville, SC 29601 (864) 233-1923
Directions
* Mt. Beulah United Methodist Church
Food Pantry
Open to public
3rd Thursday 10am-12pm
440 Kellybridge Road 
Mcbee, SC 29101 (803) 459-6377
Directions
* Mt. Calvary Apostolic
Food Pantry
Open to public
3rd Saturday 8am-9am; Wednesday by appointment only 3pm-4pm
404 North Warren Street 
Timmonsville, SC 29161 (843) 346-2267
Directions
* Mt. Calvary Missionary Baptist
Food Pantry
Open to public
Monday 11am-1pm; Friday 10am-12pm
714 Camden Highway 
Bishopville, SC 29010 (803) 483-2220
Directions
* Mt. Elon Baptist
Food Pantry
Open to public
3rd Saturday 7am-9am
1132 West Lydia Highway 
Hartsville, SC 29550 (843) 332-3622
Directions
* Mt. Moriah Baptist Church
Food Pantry
Open to public
3rd Saturday 9:30am-11:30am
789 Meadowbrook Road 
Chester, SC 29706 (803) 327-2113
Directions
* Mt. Olive SDA Church Food Pantry
Food Pantry
Open to public
Third Wednesday 10am-12pm
512 Henry Mcgill Jr. Street 
Marion, SC 25971 (843) 423-7871
Directions
* Mt. Pilgrim Baptist Church - Foundation
Food Pantry Senior Program
Open to public
1st & 3rd Saturday 9am - 12pm
1341 Mccords Ferry Road 
Lugoff, SC 29078 (803) 736-1175
Directions
* Mt. Pleasant AME
Food Pantry
Open to public
4th Wednesday 9am-11am
1800 Vista Lane 
Lynchburg, SC 29080 (803) 437-2880
Directions
* Mt. Pleasant Swansea Outreach Foundation
Food Pantry Senior Program
Open to public
Wednesday 1pm-3pm; Last Saturday 8am-12pm
505 South Church Street 
Swansea, SC 29160 (803) 568-2722
Directions
* Mt. Zion Baptist Church
Food Pantry
Open to public
Thursday 9am-11am
106 Mt. Zion Drive 
Fountain Inn, SC 29644 (864) 862-2540
Directions
* Mt. Zion Chapel Baptist Church
Food Pantry
Open to public
3rd Tuesday 11am-2pm
756 North Pamplico Highway 
Pamplico, SC 29583 (843) 493-2236
Directions
* New Birth Deliverance Ministry
Food Pantry
Open to public
3rd Saturday 9am-11am
212 Clark Street 
Mullins, SC 29574 (843) 254-0332
Directions
* New Deliverance Outreach
Food Pantry
Open to public
2nd & 4th Thursday 4pm-7:30pm
503 East Third Avenue 
Pamplico, SC 29583 (843) 269-1069
Directions
* New Ebenezer Baptist Church - Columbia
Food Pantry Soup Kitchen
Open to public
2nd Thursday 10am-12pm (Pantry); 4th Saturday 10am-12pm (Soup Kitchen)
1236 Gregg Street 
Columbia, SC 29201 (803) 256-3984
Directions
* New Hill Free Will Church
Food Pantry
Open to public
3rd Friday 4pm-6pm
195 Highway 79 West 
Bennettsville, SC 29512 (843) 479-7522
Directions
* New Life Baptist
Food Pantry
Open to public
Thursday 9am-10am
2691 West Blue Ridge Drive 
Greenville, SC 29611 (864) 232-0310
Directions
* New Memorial Temple
Food Pantry
Open to public
2nd Tuesday 1pm-2pm; Emergency food available by appointment
2061 Highway 301 
South Dillon, SC 29536 (843) 389-2044
Directions
* New Salem CME Church
Food Pantry
Open to public
Saturday 9am-2pm
134 New Salem Church Road 
Saluda, SC 29138 (864) 445-8422
Directions
* New St. Thomas R.E. Church
Food Pantry
Open to public
2nd & 4th Wednesday by appointment only
5709 Ames Road 
Columbia, SC 29203 (803) 691-0611
Directions
* New Visions Community Development Corporation
Food Pantry
Open to public
3rd Tuesday 8am- 10am
1416 Bethlehem Road 
Hartsville, SC 29550 (843) 383-4343
Directions
* No Bounds II
Food Pantry
Open to public
3rd Saturday 12pm-1pm; Emergency food available by appointment
112 Court Street Unit 112
Darlington, SC 29532(704) 258-6366
Directions
* North Greenville Crisis Ministry
Food Pantry
Open to public
Tuesday & Wednesday 9am-11:30am
864 North Highway 25 Bypass 
Greenville, SC 29617 (864) 834-7342
Directions
* Northside Baptist-Mission Columbia
Food Pantry
Open to public
Monday-Thursday 8am-11am by appointment
1320 Leaphart Street 
West Columbia, SC 29169 (803) 926-3020
Directions
* Northstar Center of Hope
Food Pantry
Open to public
Thursday 10am-12pm; 3rd Saturday 10am-12pm
1410 Sunnyside Drive 
Columbia, SC 29204 (803) 216-1535
Directions
* Northwood Family Worship Center
Food Pantry
Open to public
1st Tuesday 5pm-6:30pm, 3rd Saturday 7:30am-9am
1100 East Mciver Road 
Darlington, SC 29532 (843) 395-0329
Directions
* Oak Grove AME
Food Pantry
Open to public
2nd & 4th Tuesday 10am-12pm
1709 Burnt Branch Road 
Lake City, SC 29560 (843) 659-8652
Directions
* Oak Grove Baptist Church
Food Pantry Soup Kitchen
Open to public
Monday & Wednesday 10am-12pm; 3rd Saturday 10am-2pm (Soup Kitchen)
1063 Old Two Notch Road 
Elgin, SC 29045 (803) 788-2599
Directions
* Olive Grove Baptist Church
Food Pantry
Open to public
3rd Thursday 9am-11am
5809 North Old Georgetown Road 
Coward, SC 29530 (843) 389-2054
Directions
* Only Gods Word Church
Food Pantry
Open to public
2nd Saturday 10am-11am
4145 Hardscrabble Road 
Columbia, SC 29229 (803) 338-0646
Directions
* Our Brother's Keeper Society
Food Pantry
Open to public
Monday - Friday 8am-4pm
103 East Calhoun Street
Sumter, SC 29150 (803) 775-2855
Directions
* Our Lady Of The Rosary
Food Pantry
Open to public
Saturday 9am-10am
3710 Augusta Road 
Greenville, SC 29605 (864) 422-1648
Directions
* Our Savior Community Ministries
Food Pantry
Open to public
Tuesday & Thursday 12:30pm-2:30pm
2600 Wade Hampton Blvd 
Greenville, SC 29615 (864) 244-2836
Directions
* Outreach Family Fellowship-Dillon
Food Pantry
Open to public
3rd Tuesday 8:30am-10am
136 Pee Dee Church Road 
Dillon, SC 29536 (843) 774-0928
Directions
* P.E.P. Senior Ministry-Unity Missionary Baptist
Food Pantry
Open to public
Friday 11am-12pm; 4th Saturday 10am-12pm
110 Greenlake Drive 
Hopkins, SC 29061 (803) 776-5266
Directions
* Pageland Sda
Food Pantry
Open to public
Wednesday 9am-11:30am
46 H.C. Gibson Road 
Pageland, SC 29728(704) 695-5783
Directions
* Paxville Community Development Corporation (CDC)
Food Pantry
Open to public
2nd Saturday 8am-10am; 4th Friday 10am-12pm
10183 Lewis Road 
Paxville, SC 29102 (803) 452-5124
Directions
* Piedmont Emergency Relief Center
Food Pantry
Open to public
Thursday 4pm-6pm
3A Main Street 
Piedmont, SC 29673 (864) 845-5535
Directions
* Pontiac Church of Christ
Food Pantry
Open to public
3rd Saturday 10am-12pm
5889 Ames Road 
Columbia, SC 29203 (803) 348-5081
Directions
* Poplar Spring Baptist
Food Pantry
Open to public
Tuesday following the 1st & 3rd Sunday 9am-10am
290 Springdale Drive 
Simpsonville, SC 29681 (864) 967-7571
Directions
* Prayer Mountain Community Development Corporation
Food Pantry
Open to public
Sunday 8am-11am; Tuesday 6pm-8pm; Friday 10am-2pm
500 Horseshoe Circle 
Columbia, SC 29223 (803) 636-1731
Directions
* Progressive Church
Food Pantry
Open to public
3rd Saturday 9am-11am
2222 Barhamville Road 
Columbia, SC 29204 (803) 254-6106
Directions
* Providence Baptist Church
Food Pantry
Open to public
Friday 1:30pm-2pm; Emergency food available by appointment
977 Meadowfield Road 
Gaston, SC 29053 (803) 580-3944
Directions
* Purity Presbyterian
Food Pantry
Open to public
Monday-Thursday 10am-12 noon by appointment
135 Wylie Street 
Chester, SC 29706 (803) 377-8175
Directions
* Red Hill Baptist Church - Gadsden
Food Pantry
Open to public
2nd Saturday 9am-11am
733 Congaree Church Road 
Gadsden, SC 29052 (803) 353-2761
Directions
* Reeseville AME Church
Food Pantry
Open to public
3rd Thursday 5pm-7pm
7764 Sumter Highway 
Alcolu, SC 29001 (803) 473-7232
Directions
* Refuge of Worship Non-Denominational Ministries
Food Pantry
Open to public
Saturday 10am-3pm
99 Palmetto Street 
Clinton, SC 29325 (864) 547-1248
Directions
* Rehoboth United Methodist Church
Food Pantry
Open to public
Monday, Tuesday & Wednesday 10am-12pm
6911 Two Notch Road 
Columbia, SC 29223 (803) 788-2220
Directions
* Relentless Church
Food Pantry
Open to public
Monday-Wednesday 10am-2pm
635 Haywood Road 
Greenville, SC 29607 (864) 770-1758
Directions
* Rembert Area Community Coalition (RACC)
Senior Program
Open to public
Friday 10am-12pm
6785 Bradley Street 
Rembert, SC 29128 (803) 432-2001
Directions
* Renfrew Baptist Church
Food Pantry
Open to public
1st & 3rd Sunday 12pm-2pm
951 Geer Highway 
Travelers Rest, SC 29690 (864) 260-7852
Directions
* Restoration Deliverance Outreach
Food Pantry
Open to public
Every Tuesday 9am-12pm; Emergency food available by appointment
409 North Jones Street 
Olanta, SC 29114 (843) 939-0484
Directions
* Resurrection Power Ministries
Food Pantry
Open to public
1st & 3rd Saturday 9am-11am
121 North Poinsett Highway 
Travelers Rest, SC 29690 (864) 834-3331
Directions
* Resurrection Restoration Outreach Ministries
Food Pantry
Open to public
Thursday 2pm-4pm
1807 North Douglas Road 
Florence, SC 29501 (843) 519-2405
Directions
* Robinson Temple Church
Food Pantry
Open to public
2nd Friday 1pm-3pm
506 Reaves Street 
Marion, SC 29571 (843) 997-0979
Directions
* Round Top Baptist Church
Food Pantry
Open to public
2nd Saturday 9am-11:30am
111 Round Top Court 
Blythewood, SC 29016 (803) 786-1329
Directions
* S.C. Empowerment Centre
Food Pantry Senior Program
Open to public
Monday-Thursday 10am-6pm
340 West Mill Street 
Gray Court, SC 29645 (864) 705-0005
Directions
* Saint Mark UMC
Food Pantry
Open to public
2nd & 4th Saturday 9am-11am
911 St. Mark Road 
Taylors, SC 29687 (864) 848-7141
Directions
* Salvation Army-Columbia
Food Pantry
Open to public
Monday-Friday 10am-11:30am; Emergency food available by appointment
3024 Farrow Road 
Columbia, SC 29203 (803) 765-0260
Directions
* Salvation Army-Florence
Food Pantry
Open to public
Monday-Thursday 9:30am-3:30pm; Friday 9:30am-12pm
2210 Hoffmeyer Road 
Florence, SC 29501 (843) 662-4461
Directions
* Samaritan House of Greenville
Food Pantry
Open to public
Thursday 8am-12pm
2723 Augusta Street 
Greenville, SC 29605 (864) 299-5898
Directions
* Sandy Grove Holiness Church
Food Pantry
Open to public
3rd Saturday 8am-10am
3310 Bluff Road 
Mullins, SC 29574 (843) 779-2444
Directions
* Sandy Grove Missionary Baptist
Food Pantry
Open to public
3rd Saturday 8am-10am
1047 Sandy Grove Church Road 
Bennettsville, SC 29512 (843) 479-2281
Directions
* Savannah Grove Freewill Baptist Church
Food Pantry
Open to public
4th Saturday 7:30am-11am
3411 U.S. Highway  52
Coward, SC 29530 (803) 389-9189
Directions
* Second Chance International House of Praise (SCIHOP)
Food Pantry
Open to public
Sunday 9:45am-1pm; Monday-Wednesday 9am-3pm; Tuesday 6:30pm-7:30pm; Friday 9am-1pm; Saturday 5pm-7pm
5110 Fairfield Road  Suite A 
Columbia, SC 29203 (803) 828-9456
Directions
* Sharing God's Love
Food Pantry
Open to public
Monday-Friday 9am-11am
147 Friarsgate Blvd 
Irmo, SC 29063 (803) 732-3188
Directions
* Sisters 4 The Future
Food Pantry
Open to public
Tuesday & Thursday 12pm-2pm
4430 Pamplico Highway 
Florence, SC 29505 (843) 702-2039
Directions
* Solomon's Temple Church
Food Pantry
Open to public
2nd & 4th Thursday 10am-12pm
3 Guess Street 
Greenville, SC 29605 (864) 294-7895 (864) 520-1010
Directions
* Southern Calvary Baptist
Food Pantry
Open to public
2nd & 4th Sunday 11:30am-1pm
602 North Jefferson Street 
Florence, SC 29506 (843) 617-5407
Directions
* St. Andrews UMC - Shepherd Ministry
Food Pantry
Open to public
Wednesday 9am-10:30am
1980 Columbia Road 
Orangeburg, SC 29115 (803) 539-2218
Directions
* St. Anne Catholic Church
Food Pantry
Open to public
Tuesday & Wednesday 9am-11am
104 South Kemp Street 
Florence, SC 29506 (843) 661-5012
Directions
* St. Anthony of Padua Catholic Church
Food Pantry
Open to public
Monday-Thursday 9am-1pm
204 Douthit Street 
Greenville, SC 29601 (864) 233-7717
Directions
* St. James AME-Marion
Food Pantry
Open to public
3rd Thursday 8am-12pm
5415 S Highway 41 
Marion, SC 29571 (843) 423-3832
Directions
* St. John Baptist
Food Pantry
Open to public
Tuesday 9:30am-12:30pm
3404 West Beltline Blvd 
Columbia, SC 29203 (803) 254-4170
Directions
* St. John Foundation of Hopkins
Food Pantry
Open to public
2nd & 4thThursday 110am-1pm
222 J W Neal Circle 
Hopkins, SC 29061 (803) 457-0431
Directions
* St. Luke Baptist
Food Pantry
Open to public
Wednesday 10am-2pm
183 St. Luke Church Road 
Winnsboro, SC 29180 (803) 635-9966 (803) 605-8771
Directions
* St. Luke United Methodist Church
Food Pantry
Open to public
4th Saturday 11am-12pm
4771 Sardis Highway 
Timmonsville, SC 29161 (843) 407-4481
Directions
* St. Luke's Episcopal Church
Food Pantry
Open to public
Thursday 9am-12pm
1300 Pine Street 
Columbia, SC 29204 (803) 622-6509
Directions
* St. Marks Missionary Baptist - Bishopville
Food Pantry
Open to public
2nd & 4th Friday 2pm-4pm
510 Manville-Wisacky Road 
Bishopville, SC 29010 (803) 856-1498
Directions
* St. Mary s Catholic Church
Food Pantry
Open to public
2nd & 4th Thursdays
1154 4Th Street 
Summerton, SC 29148 (843) 764-7765
Directions
* St. Matthew Baptist Church
Food Pantry Senior Program
Open to public
4th Saturday 9am- 12pm
759 Longtown Road 
Lugoff, SC 29078 (803) 438-3297
Directions
* St. Peter AFU Church
Food Pantry
Open to public
Wednesday 1:30pm to 2:30pm
940 South Morris Street 
Lake City, SC 29560 (843) 389-9134
Directions
* St. Vincent Depaul St Joseph
Food Pantry
Open to public
Wednesday 8:30am-11:30am
3600 Devine Street 
Columbia, SC 29205 (803) 799-0761
Directions
* Star Faith
Food Pantry
Open to public
Wednesday 4pm-6pm
115 Kondros Circle 
Greenville, SC 29611 (864) 295-1792
Directions
* Successful Kidz
Food Pantry
Open to public
By appointment only
1113 Oakland Avenue 
Florence, SC 29506 (843) 687-0645
Directions
* Sumter Behavioral Health Services
Food Pantry
Open to public
Monday - Friday by appointment
525 North Lafayette Drive 
Sumter, SC 29150 (803) 436-2462
Directions
* Sumter Senior Services: Activity Center
Senior Program
Open to public
3rd Thursday 9am-1pm
119 Sumter Street 
Sumter, SC 29151 (803) 773-5508
Directions
* Sumter Senior Services: Delaine Center
Senior Program
Open to public
3rd Saturday 9am-1pm
5400 Cane Savannah Road 
Wedgefield, SC 29168 (803) 494-9410
Directions
* Tabernacle AME
Food Pantry
Open to public
2nd & 4th Saturday 10am-2pm
3932 Highway 9 
Marion, SC 29571 (843) 362-1099
Directions
* Tabernacle of Praise and Worship
Food Pantry
Open to public
Thursday & Friday 12pm-2pm
212 Dinkins Street 
Manning, SC 29102 (803) 825-0005
Directions
* Temple of Yahshua
Food Pantry
Open to public
4th Friday 10:45am-12:45pm
248 Toms Creek Road 
Hopkins, SC 29061 (803) 783-4600
Directions
* The Compass Community Development Corporation
Food Pantry
Open to public
2nd & 4th Thursday 11am-1pm
1234 St. Andrews Road 
Columbia, SC 29210 (803) 200-2009
Directions
* The Core of South Carolina
Food Pantry
Open to public
Wednesday & Saturday 10am-12pm
8649 Augusta Road 
Greenville, SC 29669 (864) 430-3004
Directions
* The Delta House
Senior Program
Open to public
Monday before 2nd Thursday 12pm-1pm
5307 Fairfield Road 
Columbia, SC 29203 (803) 530 1087
Directions
* The Inner Court Apostolic Church
Food Pantry
Open to public
2nd & 4th Thursday 6:30pm-8pm
2138 Enterprise Drive 
Florence, SC 29501 (843) 206-8898
Directions
* The Manna House
Food Pantry Soup Kitchen
Open to public
Monday, Wednesday & Friday 9am-11am
450 Jarrott Street 
Florence, SC 29506 (843) 667-6077
Directions
* The Salvation Army-Greenville
Food Pantry
Open to public
Wednesday 9am-12pm
417 Rutherford Street 
Greenville, SC 29609 (864) 235-4803
Directions
* The Universal Church, INC.
Food Pantry
Open to public
2nd & 4th Sunday 12Ppm-2pm
31 Stevens Street 
Greenville, SC 29606 (864) 448-0068
Directions
* Timmonsville Church of Christ
Food Pantry
Open to public
3rd Saturday 1pm-3pm; Wednesday 5pm-7:30pm by appointment
1674 North Darlington Street 
Timmonsville, SC 29161 (843) 346-9554
Directions
* True Vine Outreach Ministry
Food Pantry
Open to public
Friday 12pm-1pm
13028 Garners Ferry Road 
Eastover, SC 29044 (803) 607-0149
Directions
* Truth Ministries Outreach Ministry
Food Pantry
Open to public
Monday-Friday 12pm-2pm
1303 North Main Street 
Marion, SC 29571 (843) 615-7285
Directions
* Tuesday Rockers Senior Program-Good Shepherd Holiness
Food Pantry
Open to public
Tuesday 11am-12pm
6824 Cabin Creek Road 
Hopkins, SC 29061 (803) 237-5923
Directions
* Turner Memorial AME Church
Food Pantry Soup Kitchen
Open to public
Monday-Friday 12pm-1pm
1122 Monticello Street 
West Columbia, SC 29169 (803) 796-0018
Directions
* Turning Point of Chester
Food Pantry
Open to public
Monday, Wednesday & Friday 11am-2pm
101 Cotton Street 
Chester, SC 29706 (803) 581-0219 (803) 379-0888
Directions
* Unfailing Love Worship Center
Food Pantry
Open to public
3rd Saturday 11am-1pm
4408 Broad Street 
Sumter, SC 29154 (803) 290-3324
Directions
* United Ministries of Clarendon
Food Pantry
Open to public
Tuesday 9am-12pm
113 N Church Street 
Manning, SC 29102 (803) 435-9086
Directions
* United Ministries of Clinton
Food Pantry
Open to public
Monday & Wednesday 8:30am-11:30am; Tuesday & Thursday 1pm-3pm
500 Academy Street 
Clinton, SC 29325 (864) 938-9070
Directions
* United Way of Kershaw
Food Pantry
Open to public
Monday & Fri 9am-11am; Wednesday 5pm-6pm
110 East Dekalb Street 
Camden, SC 29020 (803) 432-0951
Directions
* USC Educational Foundation-Gamecock Pantry
Food Pantry
Open to public
Monday-Friday 8:30am-5pm
1309 Blossom Street  Quadrangle A 
Columbia, SC 29208 (803) 777-7130
Directions
* Victory Deliverance Center
Food Pantry
Open to public
Wednesday 9am-11:30am
2256 Magnolia Avenue 
Orangeburg, SC 29115 (802) 577-7677
Directions
* Virginia Wingaurd Memorial UMC
Food Pantry
Open to public
Tuesday & Wednesday 1pm-3pm
1500 Broad River Road 
Columbia, SC 29210 (803) 622-2144
Directions
* Vision By Design, INC
Soup Kitchen
Open to public
Monday, Wednesday, Thursday 9am-2pm ; Friday by appointment only
206 S Church Street 
Manning, SC 29102 (803) 435-8593
Directions
* Vision Educational Center
Soup Kitchen Senior Program
Open to public
3rd Monday 8am-11am
207 West Main Street 
Dillon, SC 29536 (843) 627-3482
Directions
* Washington Baptist
Food Pantry
Open to public
Saturday 8am-9:30am
3500 Highway 14 North 
Greer, SC 29651 (864) 895-1510
Directions
* Washington Street UMC Soup Cellar
Soup Kitchen
Open to public
Monday-Friday 11:30am-12:30pm
1401 Washington Street 
Columbia, SC 29201 (803) 256-2417
Directions
* Wayside Baptist
Food Pantry
Open to public
Monday 12:30pm-1:30pm
1517 West Main Street 
Laurens, SC 29360 (864) 871-5085
Directions
* Wesley UMC-Hartsville Soup Kitchen
Soup Kitchen
Open to public
Monday-Friday 9am-12pm
145 East College Avenue 
Hartsville, SC 29550 (843) 332-1196
Directions
* West Greenville Baptist Church
Food Pantry
Open to public
Saturday 9:30am-12:30pm
551 Perry Avenue 
Greenville, SC 29611 (864) 232-3677
Directions
* White Chapel Free Will Holiness Church
Food Pantry
Open to public
3rd Saturday 8am-10am
419 S Midway Highway 
Johnsonville, SC 29555 (843) 386-2042
Directions
* Wiley Kennedy Family Center
Food Pantry
Open to public
Friday 10am-12pm
1037 Eastman Street 
Columbia, SC 29203 (803) 735-0410
Directions
* Williams Chapel AME
Soup Kitchen
Open to public
2nd Saturday 8am-9:30am
1198 Glover Street 
Orangeburg, SC 29115 (803) 536-0600
Directions
* Willie & Betsy Bradford Community Outreach
Food Pantry
Open to public
Lat Friday of month by appointment only
1905 Boyd Road 
Scranton, SC 29592 (843) 598-8118
Directions
* Word of Faith Christian Center Inc
Food Pantry
Open to public
Every other Saturday 10am-12pm
172 Gressette Blvd 
St. Matthews, SC 29135 (803) 707-3870
Directions
* Word of Life Christian Center Ministries
Food Pantry

